timestamp_utc,equity_usdt,source
2026-09-28T13:05:47.240551Z,93.202738129493383,server_backup
2026-09-28T16:36:04.784917Z,93.066216509305661,server_backup
2026-10-01T04:35:58.707391Z,94.688392708383319,live_status
2026-10-01T04:52:48.698086Z,94.6724618443833,live_status
2026-10-01T04:56:01.367130Z,94.7201818443833,live_status
2026-10-01T05:01:03.551309Z,94.8232818443833,live_status
2026-10-01T05:06:02.516035Z,94.8109818443833,live_status
2026-10-01T05:11:02.335487Z,94.8883018443833,live_status
2026-10-01T05:16:01.960023Z,94.9007418443833,live_status
2026-10-01T05:21:03.663058Z,94.8013418443833,live_status
2026-10-01T05:26:02.822317Z,94.819401844383322,live_status
2026-10-01T05:36:02.322960Z,94.9920218443833,live_status
2026-10-01T05:41:02.932690Z,94.858941844383324,live_status
2026-10-01T05:46:00.826417Z,94.894141844383313,live_status
2026-10-01T05:51:01.933319Z,95.088081844383325,live_status
2026-10-01T05:56:01.379596Z,95.0441018443833,live_status
2026-10-01T06:01:04.595389Z,95.033641844383325,live_status
2026-10-01T06:06:02.423500Z,95.0422618443833,live_status
2026-10-01T06:11:02.643607Z,95.024321844383323,live_status
2026-10-01T06:16:03.255953Z,95.0516018443833,live_status
2026-10-01T06:21:02.529046Z,95.054241844383327,live_status
2026-10-01T06:25:57.679099Z,95.070541844383314,live_status
2026-10-01T06:31:02.644540Z,95.142741844383323,live_status
2026-10-01T06:36:05.031599Z,95.107501844383322,live_status
2026-10-01T06:41:01.580312Z,95.137681844383323,live_status
2026-10-01T06:46:01.372588Z,95.116561844383327,live_status
2026-10-01T06:51:02.389783Z,95.030161844383315,live_status
2026-10-01T06:56:00.733092Z,94.9394218443833,live_status
2026-10-01T07:01:03.145610Z,94.940021844383324,live_status
2026-10-01T07:06:00.612802Z,94.9975418443833,live_status
2026-10-01T07:11:09.081492Z,94.9764142443833,live_status
2026-10-01T07:15:59.926760Z,94.912574244383322,live_status
2026-10-01T07:21:01.035536Z,94.966194244383317,live_status
2026-10-01T07:26:00.923123Z,94.821134244383316,live_status
2026-10-01T07:31:06.695182Z,94.914214244383317,live_status
2026-10-01T07:35:59.652612Z,94.936374244383316,live_status
2026-10-01T07:41:03.029537Z,94.954614244383322,live_status
2026-10-01T07:46:05.072506Z,94.9114942443833,live_status
2026-10-01T07:51:04.509497Z,94.937794244383326,live_status
2026-10-01T07:56:00.135087Z,95.0210942443833,live_status
2026-10-01T08:01:05.984318Z,95.024658481426158,live_status
2026-10-01T08:06:00.173392Z,95.100798481426153,live_status
2026-10-01T08:11:02.873647Z,95.193298481426154,live_status
2026-10-01T08:16:02.409409Z,95.161298481426158,live_status
2026-10-01T08:21:01.839884Z,95.098138481426162,live_status
2026-10-01T08:25:59.536482Z,95.034658481426163,live_status
2026-10-01T08:31:04.268370Z,95.02949848142616,live_status
2026-10-01T08:36:00.747871Z,95.161298481426158,live_status
2026-10-01T08:41:01.068866Z,95.197018481426156,live_status
2026-10-01T08:46:03.580877Z,95.212458481426154,live_status
2026-10-01T08:50:59.537111Z,95.264438481426154,live_status
2026-10-01T08:56:02.040232Z,95.216138481426157,live_status
2026-10-01T09:01:05.498135Z,95.214798481426158,live_status
2026-10-01T09:06:00.748895Z,95.150318481426154,live_status
2026-10-01T09:11:00.611655Z,95.056038481426157,live_status
2026-10-01T09:15:59.394688Z,95.098958481426166,live_status
2026-10-01T09:21:00.528622Z,95.042838481426159,live_status
2026-10-01T09:26:06.150333Z,95.003718481426162,live_status
2026-10-01T09:31:02.474251Z,95.012578481426161,live_status
2026-10-01T09:36:06.169417Z,94.904898481426159,live_status
2026-10-01T09:41:06.408681Z,94.911858481426165,live_status
2026-10-01T09:46:02.736724Z,94.816918481426157,live_status
2026-10-01T09:51:00.799464Z,94.824918481426167,live_status
2026-10-01T09:56:06.559980Z,94.88327848142616,live_status
2026-10-01T10:01:00.233628Z,94.867118481426161,live_status
2026-10-01T10:06:03.045540Z,94.804738481426156,live_status
2026-10-01T10:11:03.064047Z,94.890718481426163,live_status
2026-10-01T10:16:00.468194Z,94.861318481426153,live_status
2026-10-01T10:21:05.880450Z,94.842898481426161,live_status
2026-10-01T10:26:04.568520Z,94.851398481426159,live_status
2026-10-01T10:31:06.667984Z,94.898038481426155,live_status
2026-10-01T10:36:02.002912Z,94.826238481426159,live_status
2026-10-01T10:41:06.283357Z,94.813338481426158,live_status
2026-10-01T10:46:01.563095Z,94.742218481426164,live_status
2026-10-01T10:51:01.273177Z,94.798298481426158,live_status
2026-10-01T10:56:05.278218Z,94.91443848142616,live_status
2026-10-01T11:01:00.624614Z,94.966918481426163,live_status
2026-10-01T11:06:03.323049Z,94.953878481426159,live_status
2026-10-01T11:11:06.238097Z,94.939338481426162,live_status
2026-10-01T11:16:00.846216Z,94.889118481426166,live_status
2026-10-01T11:21:06.001611Z,94.824418481426164,live_status
2026-10-01T11:26:01.231721Z,94.726138481426162,live_status
2026-10-01T11:31:06.884586Z,94.840438481426162,live_status
2026-10-01T11:36:01.240758Z,94.809338481426167,live_status
2026-10-01T11:40:59.102709Z,94.891078481426163,live_status
2026-10-01T11:46:03.477565Z,94.962238481426155,live_status
2026-10-01T11:51:06.937500Z,94.927698481426162,live_status
2026-10-01T11:56:06.849285Z,94.895498481426159,live_status
2026-10-01T12:01:04.893326Z,94.879271837243,live_status
2026-10-01T12:06:00.435747Z,94.845751837243,live_status
2026-10-01T12:11:04.714673Z,94.868411837243016,live_status
2026-10-01T12:16:00.402795Z,94.917371837243,live_status
2026-10-01T12:21:00.391410Z,94.863171837243016,live_status
2026-10-01T12:26:00.618867Z,94.867111837243016,live_status
2026-10-01T12:31:00.908755Z,94.862611837243,live_status
2026-10-01T12:36:04.005061Z,94.865751837243,live_status
2026-10-01T12:41:02.418940Z,94.780751837243017,live_status
2026-10-01T12:46:05.301168Z,94.781591837243,live_status
2026-10-01T12:51:00.310017Z,94.739591837243,live_status
2026-10-01T12:56:00.549186Z,94.676031837243016,live_status
2026-10-01T13:01:04.524213Z,94.537391837243,live_status
2026-10-01T13:06:04.372930Z,94.62469183724302,live_status
2026-10-01T13:11:01.305767Z,94.640371837243,live_status
2026-10-01T13:16:03.529659Z,94.586111837243,live_status
2026-10-01T13:21:00.322911Z,94.513011837243,live_status
2026-10-01T13:26:02.048246Z,94.594691837243,live_status
2026-10-01T13:30:59.482167Z,94.702831837243,live_status
2026-10-01T13:36:03.011936Z,94.631151837243,live_status
2026-10-01T13:46:00.429754Z,94.584011837243,live_status
2026-10-01T13:51:00.675403Z,94.583111837243,live_status
2026-10-01T13:56:00.890056Z,94.707351837243,live_status
2026-10-01T14:01:01.356553Z,94.708031837243,live_status
2026-10-01T14:06:00.579691Z,94.643991837243,live_status
2026-10-01T14:16:00.084519Z,94.632011837243,live_status
2026-10-01T14:20:57.964129Z,94.564571837243,live_status
2026-10-01T14:26:00.191771Z,94.559771837243019,live_status
2026-10-01T14:30:57.785905Z,94.582531837243,live_status
2026-10-01T14:36:01.199443Z,94.644531837243,live_status
2026-10-01T14:41:00.218889Z,94.696691837243,live_status
2026-10-01T14:46:06.667594Z,94.656991837243,live_status
2026-10-01T14:51:00.534154Z,94.699971837243,live_status
2026-10-01T14:56:01.281375Z,94.752331837243,live_status
2026-10-01T15:01:00.319981Z,94.743711837243,live_status
2026-10-01T15:06:06.133589Z,94.781251837243,live_status
2026-10-01T15:11:00.307410Z,94.792151837243,live_status
2026-10-01T15:16:00.316989Z,94.790271837243,live_status
2026-10-01T15:21:00.530858Z,94.740811837243015,live_status
2026-10-01T15:31:01.022980Z,94.794871837243,live_status
2026-10-01T15:36:01.843078Z,94.814971837243,live_status
2026-10-01T15:40:59.886931Z,94.779411837243018,live_status
2026-10-01T15:46:01.380180Z,94.798071837243,live_status
2026-10-01T15:51:00.786662Z,94.835531837243,live_status
2026-10-01T15:56:02.168822Z,94.886251837243,live_status
2026-10-01T16:01:01.197927Z,94.919405772289323,live_status
2026-10-01T16:06:06.297230Z,94.975705772289317,live_status
2026-10-01T16:19:00.441657Z,94.832497794289367,live_status
2026-10-01T16:21:02.867979Z,94.817897794289365,live_status
2026-10-01T16:26:04.807265Z,94.771457794289361,live_status
2026-10-01T16:31:00.280649Z,94.811627794289365,live_status
2026-10-01T16:36:08.491071Z,94.567047794289365,live_status
2026-10-01T16:40:39.204929Z,94.875727794289361,live_status
2026-10-01T16:46:02.347542Z,94.67286779428936,live_status
2026-10-01T16:56:02.361597Z,94.777867794289364,live_status
2026-10-01T17:01:01.260551Z,94.653287794289355,live_status
2026-10-01T17:06:02.517793Z,94.618007794289355,live_status
2026-10-01T17:16:02.298623Z,94.695527794289362,live_status
2026-10-01T17:21:01.671629Z,94.75703779428936,live_status
2026-10-01T17:26:01.595667Z,94.672537794289354,live_status
2026-10-01T17:31:02.648764Z,94.761837794289363,live_status
2026-10-01T17:36:02.905072Z,94.746557794289359,live_status
2026-10-01T17:41:01.814404Z,94.762557794289364,live_status
2026-10-01T17:46:03.026463Z,94.812517794289363,live_status
2026-10-01T17:51:03.008652Z,94.841537794289366,live_status
2026-10-01T17:56:03.220395Z,94.950047794289361,live_status
2026-10-01T18:01:01.222281Z,94.970827794289363,live_status
2026-10-01T18:06:02.360451Z,94.836117794289365,live_status
2026-10-01T18:11:07.173805Z,94.754677794289364,live_status
2026-10-02T03:25:59.274001Z,94.933829789208062,live_status
2026-10-02T03:31:00.693713Z,94.912899789208069,server_status
2026-10-02T03:35:58.998714Z,94.932679789208066,server_status
2026-10-02T03:41:01.134099Z,94.904909789208077,server_status
2026-10-02T03:46:00.217042Z,94.89785978920807,server_status
2026-10-02T03:51:00.795006Z,94.898369789208076,server_status
2026-10-02T03:56:00.861534Z,94.905399789208076,server_status
2026-10-02T04:01:00.711931Z,94.886141198293856,server_status
2026-10-02T04:06:00.101460Z,94.844401198293866,server_status
2026-10-02T04:14:04.852683Z,94.820893815093882,server_status
2026-10-02T04:16:01.560789Z,94.807577815093879,server_status
2026-10-02T04:21:02.594438Z,94.821229815093886,server_status
2026-10-02T04:26:01.251072Z,94.809475815093876,server_status
2026-10-02T04:31:02.629632Z,94.726821815093885,server_status
2026-10-02T04:36:02.494922Z,94.754119815093873,server_status
2026-10-02T04:40:39.071132Z,94.648599815093874,server_status
2026-10-02T04:46:02.338214Z,94.635915815093881,server_status
2026-10-02T04:51:02.528958Z,94.649111815093875,server_status
2026-10-02T04:56:01.024110Z,94.737109815093874,server_status
2026-10-02T05:01:02.606839Z,94.679131815093882,server_status
2026-10-02T05:16:00.941070Z,94.750747815093874,server_status
2026-10-02T05:21:01.410127Z,94.783307815093877,server_status
2026-10-02T05:26:01.295912Z,94.745571815093882,server_status
2026-10-02T05:31:14.761763Z,94.610961671893861,server_status
2026-10-02T05:36:00.084633Z,94.641841671893857,server_status
2026-10-02T05:41:01.334314Z,94.580841671893864,server_status
2026-10-02T05:46:01.196500Z,94.597061671893869,server_status
2026-10-02T05:51:00.734889Z,94.589821671893858,server_status
2026-10-02T05:55:57.794879Z,94.553121671893862,server_status
2026-10-02T06:01:00.268680Z,94.544141671893868,server_status
2026-10-02T06:05:58.000272Z,94.57044167189386,server_status
2026-10-02T06:10:55.197215Z,94.581161671893867,server_status
2026-10-02T06:15:56.904505Z,94.549581671893861,server_status
2026-10-02T06:20:59.695511Z,94.473001671893869,server_status
2026-10-02T06:25:58.622950Z,94.419261671893864,server_status
2026-10-02T06:30:58.448218Z,94.391781671893867,server_status
2026-10-02T06:35:58.184616Z,94.38624167189387,server_status
2026-10-02T06:40:58.699651Z,94.365241671893855,server_status
2026-10-02T06:46:01.038760Z,94.378541671893856,server_status
2026-10-02T06:50:59.965636Z,94.337221671893857,server_status
2026-10-02T06:55:59.942551Z,94.320401671893862,server_status
2026-10-02T07:01:00.659602Z,94.320101671893866,server_status
2026-10-02T07:05:57.832640Z,94.35396167189387,server_status
2026-10-02T07:10:59.684013Z,94.449741671893861,server_status
2026-10-02T07:16:00.177984Z,94.51640167189386,server_status
2026-10-02T07:20:59.669214Z,94.467241671893859,server_status
2026-10-02T07:26:01.370639Z,94.491201671893862,server_status
2026-10-02T07:31:00.415713Z,94.484041671893863,server_status
2026-10-02T07:36:00.135750Z,94.51952167189387,server_status
2026-10-02T07:41:00.839176Z,94.56792167189387,server_status
2026-10-02T07:46:00.360377Z,94.573801671893861,server_status
2026-10-02T07:50:59.732655Z,94.500721671893857,server_status
2026-10-02T07:56:00.066180Z,94.512321671893858,server_status
2026-10-02T08:01:05.320629Z,94.576868580265895,server_status
2026-10-02T08:05:58.850658Z,94.5425885802659,server_status
2026-10-02T08:10:57.511942Z,94.546688580265894,server_status
2026-10-02T08:15:57.432667Z,94.488728580265899,server_status
2026-10-02T08:20:57.122630Z,94.504748580265897,server_status
2026-10-02T08:25:58.931872Z,94.537988580265903,server_status
2026-10-02T08:30:58.200613Z,94.646268580265897,server_status
2026-10-02T08:35:58.615653Z,94.651088580265906,server_status
2026-10-02T08:40:57.786646Z,94.686728580265907,server_status
2026-10-02T08:45:58.713826Z,94.718768580265902,server_status
2026-10-02T08:50:58.700285Z,94.722128580265903,server_status
2026-10-02T08:55:59.658337Z,94.688428580265906,server_status
2026-10-02T09:00:57.132467Z,94.708548580265898,server_status
2026-10-02T09:05:57.863502Z,94.618568580265901,server_status
2026-10-02T09:10:59.871092Z,94.649988580265898,server_status
2026-10-02T09:15:57.248515Z,94.726828580265902,server_status
2026-10-02T09:20:57.971436Z,94.667688580265903,server_status
2026-10-02T09:25:59.372370Z,94.717208580265904,server_status
2026-10-02T09:30:58.339782Z,94.510148580265906,server_status
2026-10-02T09:35:58.062207Z,94.480468580265907,server_status
2026-10-02T09:40:58.427547Z,94.354788580265904,server_status
2026-10-02T09:45:58.225568Z,94.573248580265897,server_status
2026-10-02T09:50:56.888961Z,94.493428580265899,server_status
2026-10-02T09:55:59.890296Z,94.406188580265905,server_status
2026-10-02T10:00:57.764329Z,94.437828580265901,server_status
2026-10-02T10:05:58.991846Z,94.451968580265898,server_status
2026-10-02T10:10:57.388156Z,94.400548580265905,server_status
2026-10-02T10:16:00.300895Z,94.336648580265901,server_status
2026-10-02T10:20:59.081981Z,94.347508580265909,server_status
2026-10-02T10:25:59.881818Z,94.333488580265893,server_status
2026-10-02T10:30:58.513883Z,94.3395085802659,server_status
2026-10-02T10:35:58.333145Z,94.356688580265896,server_status
2026-10-02T10:40:57.366482Z,94.321228580265895,server_status
2026-10-02T10:45:58.568642Z,94.367648580265907,server_status
2026-10-02T10:50:57.702567Z,94.403848580265901,server_status
2026-10-02T10:55:58.392300Z,94.488828580265903,server_status
2026-10-02T11:00:58.207050Z,94.480788580265894,server_status
2026-10-02T11:05:58.378230Z,94.428308580265906,server_status
2026-10-02T11:10:59.172322Z,94.391648580265894,server_status
2026-10-02T11:15:57.886528Z,94.367688580265906,server_status
2026-10-02T11:20:58.624075Z,94.373408580265902,server_status
2026-10-02T11:25:58.953266Z,94.409508580265907,server_status
2026-10-02T11:30:59.272610Z,94.431108580265899,server_status
2026-10-02T11:35:58.414303Z,94.395388580265902,server_status
2026-10-02T11:40:58.593449Z,94.314208580265898,server_status
2026-10-02T11:45:58.958265Z,94.404168580265903,server_status
2026-10-02T11:50:58.355187Z,94.4198285802659,server_status
2026-10-02T11:55:58.495192Z,94.485408580265897,server_status
2026-10-02T12:01:04.348401Z,94.461540536032999,server_status
2026-10-02T12:06:00.473274Z,94.465440536033,server_status
2026-10-02T12:11:03.067241Z,94.478800536032992,server_status
2026-10-02T12:15:57.073580Z,94.532960536032988,server_status
2026-10-02T12:20:58.143856Z,94.405340536032995,server_status
2026-10-02T12:25:58.089731Z,94.45238053603299,server_status
2026-10-02T12:30:59.408669Z,94.466560536033001,server_status
2026-10-02T12:35:57.296845Z,94.448300536032988,server_status
2026-10-02T12:40:59.376795Z,94.457060536032998,server_status
2026-10-02T12:45:58.891002Z,94.503640536032989,server_status
2026-10-02T12:50:58.566124Z,94.458100536033001,server_status
2026-10-02T12:57:05.687943Z,94.335620536032991,server_status
2026-10-02T13:01:26.487182Z,94.375725296032996,server_status
2026-10-02T13:05:57.400287Z,94.543105296032991,server_status
2026-10-02T13:10:56.748512Z,94.527845296032993,server_status
2026-10-02T13:15:56.718476Z,94.510885296032995,server_status
2026-10-02T13:20:56.132790Z,94.574185296032994,server_status
2026-10-02T13:25:55.950063Z,94.579925296032997,server_status
2026-10-02T13:30:58.524460Z,94.569525296032992,server_status
2026-10-02T13:36:02.680699Z,94.635485296032996,server_status
2026-10-02T13:41:06.783851Z,94.716121968032994,server_status
2026-10-02T13:46:02.402133Z,94.812021968032994,server_status
2026-10-02T13:50:56.592473Z,94.84272196803299,server_status
2026-10-02T13:55:56.857476Z,94.847821968032989,server_status
2026-10-02T14:00:55.629306Z,94.838921968032992,server_status
2026-10-02T14:05:56.966018Z,94.862321968032987,server_status
2026-10-02T14:10:56.516577Z,94.71602196803299,server_status
2026-10-02T14:15:56.667886Z,94.602121968032989,server_status
2026-10-02T14:20:57.318735Z,94.648421968032991,server_status
2026-10-02T14:25:56.766710Z,94.649821968032995,server_status
2026-10-02T14:30:58.327209Z,94.513621968032993,server_status
2026-10-02T14:35:56.825667Z,94.463621968032996,server_status
2026-10-02T14:40:56.503535Z,94.535021968032993,server_status
2026-10-02T14:45:56.853510Z,94.518521968032985,server_status
2026-10-02T14:50:57.442475Z,94.462221968032992,server_status
2026-10-02T14:55:56.525594Z,94.315721968032989,server_status
2026-10-02T15:00:56.299291Z,94.327921968032996,server_status
2026-10-02T15:05:55.884113Z,94.245921968032988,server_status
2026-10-02T15:10:56.905696Z,94.375421968032995,server_status
2026-10-02T15:16:01.993719Z,94.394021968032988,server_status
2026-10-02T15:21:05.027889Z,94.368821968032989,server_status
2026-10-02T15:25:58.999890Z,94.334321968032995,server_status
2026-10-02T15:30:59.181787Z,94.456421968032998,server_status
2026-10-02T15:35:59.209690Z,94.452721968032989,server_status
2026-10-02T15:40:57.521172Z,94.374221968032998,server_status
2026-10-02T15:46:00.136781Z,94.398621968032998,server_status
2026-10-02T15:50:56.949923Z,94.367321968032996,server_status
2026-10-02T15:55:58.856087Z,94.354221968032988,server_status
2026-10-02T16:00:56.465373Z,94.364687843175417,server_status
2026-10-02T16:05:57.012675Z,94.436787843175424,server_status
2026-10-02T16:18:04.414364Z,94.398639099175398,server_status
2026-10-02T16:21:02.444397Z,94.440539099175396,server_status
2026-10-02T16:26:00.533250Z,94.368159099175401,server_status
2026-10-02T16:31:03.094746Z,94.373739099175395,server_status
2026-10-02T16:36:02.798239Z,94.368499099175395,server_status
2026-10-02T16:40:38.429804Z,94.459599099175392,server_status
2026-10-02T16:46:02.485061Z,94.422459099175398,server_status
2026-10-02T16:51:02.169766Z,94.389679099175396,server_status
2026-10-02T16:55:58.509837Z,94.399479099175394,server_status
2026-10-02T17:01:01.164284Z,94.301859099175388,server_status
2026-10-02T17:06:00.925952Z,94.394519099175398,server_status
2026-10-02T17:11:01.959019Z,94.417079099175396,server_status
2026-10-02T17:16:02.931842Z,94.474459099175391,server_status
2026-10-02T17:21:03.201110Z,94.475779099175398,server_status
2026-10-02T17:26:02.251554Z,94.491179099175397,server_status
2026-10-02T17:31:02.320588Z,94.491059099175402,server_status
2026-10-02T17:36:00.793332Z,94.540819099175394,server_status
2026-10-02T17:41:02.094862Z,94.558919099175398,server_status
2026-10-02T17:46:01.832492Z,94.450779099175392,server_status
2026-10-02T17:51:02.178130Z,94.4100190991754,server_status
2026-10-02T17:56:01.430151Z,94.378439099175395,server_status
2026-10-02T18:01:02.008874Z,94.316739099175393,server_status
2026-10-02T18:06:03.458325Z,94.309719099175396,server_status
2026-10-02T18:11:02.308137Z,94.3336390991754,server_status
2026-10-02T18:16:05.308656Z,94.351959099175389,server_status
2026-10-02T18:21:02.009615Z,94.410879099175389,server_status
2026-10-02T18:26:04.266415Z,94.389119099175389,server_status
2026-10-02T18:31:07.935419Z,94.392759099175393,server_status
2026-10-02T18:36:10.200294Z,94.430396939175381,server_status
2026-10-02T18:41:07.369923Z,94.63799693917538,server_status
2026-10-02T18:46:03.972477Z,94.662796939175379,server_status
2026-10-02T18:51:08.176882Z,94.758316939175387,server_status
2026-10-02T18:56:04.851849Z,94.800116939175382,server_status
2026-10-02T19:01:03.060182Z,94.674816939175386,server_status
2026-10-02T19:06:05.348418Z,94.672776939175378,server_status
2026-10-02T19:11:02.321987Z,94.777976939175375,server_status
2026-10-02T19:15:59.373953Z,94.831096939175382,server_status
2026-10-02T19:21:00.172171Z,94.791716939175387,server_status
2026-10-02T19:26:02.867378Z,94.777696939175385,server_status
2026-10-02T19:31:01.461388Z,94.715096939175382,server_status
2026-10-02T19:36:01.377579Z,94.716696939175378,server_status
2026-10-02T19:41:00.232243Z,94.735136939175376,server_status
2026-10-02T19:46:00.550305Z,94.737716939175385,server_status
2026-10-02T19:50:59.379428Z,94.81967693917538,server_status
2026-10-02T19:56:01.026112Z,94.739936939175379,server_status
2026-10-02T20:00:59.540567Z,94.711587658567424,server_status
2026-10-02T20:06:00.538869Z,94.671807658567431,server_status
2026-10-02T20:10:59.680504Z,94.709487658567426,server_status
2026-10-02T20:16:00.745989Z,94.705447658567422,server_status
2026-10-02T20:21:00.787631Z,94.733627658567428,server_status
2026-10-02T20:26:00.116138Z,94.829247658567425,server_status
2026-10-02T20:30:59.935063Z,94.935307658567424,server_status
2026-10-02T20:36:00.330641Z,94.85746765856743,server_status
2026-10-02T20:40:57.919651Z,94.915067658567423,server_status
2026-10-02T20:46:00.595760Z,94.920927658567422,server_status
2026-10-02T20:50:59.805849Z,94.906007658567432,server_status
2026-10-02T20:55:59.951930Z,94.945547658567435,server_status
2026-10-02T21:00:59.414239Z,94.915247658567424,server_status
2026-10-02T21:05:59.319957Z,94.891427658567423,server_status
2026-10-02T21:10:59.279316Z,94.885067658567436,server_status
2026-10-02T21:15:58.795675Z,94.925927658567431,server_status
2026-10-02T21:20:58.080247Z,94.930507658567436,server_status
2026-10-02T21:26:00.321661Z,95.065547658567425,server_status
2026-10-02T21:30:57.477082Z,95.198627658567432,server_status
2026-10-02T21:36:00.482778Z,95.145607658567428,server_status
2026-10-02T21:41:00.083681Z,95.148887658567432,server_status
2026-10-02T21:46:00.356439Z,95.102187658567431,server_status
2026-10-02T21:50:58.921086Z,95.109127658567431,server_status
2026-10-02T21:55:58.806175Z,95.106327658567423,server_status
2026-10-02T22:00:59.788238Z,95.074127658567434,server_status
2026-10-02T22:05:59.906310Z,95.083767658567425,server_status
2026-10-02T22:11:00.189429Z,95.014427658567428,server_status
2026-10-02T22:16:00.081279Z,95.030487658567424,server_status
2026-10-02T22:20:59.230743Z,95.047147658567425,server_status
2026-10-02T22:26:00.493256Z,94.997587658567426,server_status
2026-10-02T22:31:01.146528Z,94.973507658567428,server_status
2026-10-02T22:36:00.122928Z,94.942167658567428,server_status
2026-10-02T22:40:59.596604Z,95.004387658567424,server_status
2026-10-02T22:46:00.338776Z,95.031187658567433,server_status
2026-10-02T22:51:00.009400Z,95.080547658567426,server_status
2026-10-02T22:55:58.080386Z,95.098787658567431,server_status
2026-10-02T23:01:00.023479Z,95.110427658567431,server_status
2026-10-02T23:05:58.904918Z,95.164947658567428,server_status
2026-10-02T23:11:00.394626Z,95.125187658567427,server_status
2026-10-02T23:15:59.928920Z,95.128687658567429,server_status
2026-10-02T23:21:00.514114Z,95.148127658567432,server_status
2026-10-02T23:26:00.816017Z,95.154667658567433,server_status
2026-10-02T23:30:59.290531Z,95.066007658567429,server_status
2026-10-02T23:35:59.581700Z,95.052327658567435,server_status
2026-10-02T23:40:58.686440Z,94.933307658567429,server_status
2026-10-02T23:46:00.120236Z,94.884967658567433,server_status
2026-10-02T23:51:00.333099Z,94.888327658567434,server_status
2026-10-02T23:55:59.913024Z,94.938427658567434,server_status
2026-10-03T00:00:59.571953Z,94.885454642605737,server_status
2026-10-03T00:06:00.276178Z,94.827274642605744,server_status
2026-10-03T00:10:59.761937Z,94.734674642605739,server_status
2026-10-03T00:15:59.492842Z,94.810634642605734,server_status
2026-10-03T00:20:59.461448Z,94.805734642605742,server_status
2026-10-03T00:26:00.151544Z,94.823874642605745,server_status
2026-10-03T00:31:01.080914Z,94.737174642605737,server_status
2026-10-03T00:35:59.419362Z,94.732134642605743,server_status
2026-10-03T00:41:01.776069Z,94.725914642605744,server_status
2026-10-03T00:46:00.306736Z,94.763334642605741,server_status
2026-10-03T00:50:59.558706Z,94.752434642605735,server_status
2026-10-03T00:56:00.985535Z,94.710894642605737,server_status
2026-10-03T01:01:01.594383Z,94.716354642605737,server_status
2026-10-03T01:06:00.033661Z,94.847694642605745,server_status
2026-10-03T01:10:59.589072Z,94.71569464260574,server_status
2026-10-03T01:16:00.518593Z,94.641894642605735,server_status
2026-10-03T01:20:59.940916Z,94.64007464260574,server_status
2026-10-03T01:26:00.839259Z,94.726654642605737,server_status
2026-10-03T01:31:00.592043Z,94.725674642605739,server_status
2026-10-03T01:36:00.720206Z,94.655194642605736,server_status
2026-10-03T01:41:01.574779Z,94.632314642605735,server_status
2026-10-03T01:46:00.620760Z,94.625774642605748,server_status
2026-10-03T01:51:00.954024Z,94.58151464260574,server_status
2026-10-03T01:56:00.940585Z,94.574014642605746,server_status
2026-10-03T02:01:00.907356Z,94.566274642605748,server_status
2026-10-03T02:06:00.905106Z,94.562754642605739,server_status
2026-10-03T02:10:59.204882Z,94.462114642605741,server_status
2026-10-03T02:16:01.163311Z,94.439514642605744,server_status
2026-10-03T02:20:59.409283Z,94.372194642605734,server_status
2026-10-03T02:26:00.718172Z,94.356154642605745,server_status
2026-10-03T02:31:00.798390Z,94.38255464260574,server_status
2026-10-03T02:36:00.242536Z,94.433694642605744,server_status
2026-10-03T02:41:01.203220Z,94.494874642605737,server_status
2026-10-03T02:46:01.264644Z,94.477234642605737,server_status
2026-10-03T02:51:02.202451Z,94.518154642605737,server_status
2026-10-03T02:56:00.212350Z,94.503174642605742,server_status
2026-10-03T03:01:00.985784Z,94.593974642605744,server_status
2026-10-03T03:06:00.199532Z,94.647254642605745,server_status
2026-10-03T03:11:00.837534Z,94.645754642605738,server_status
2026-10-03T03:16:00.179458Z,94.664534642605744,server_status
2026-10-03T03:21:00.851165Z,94.799374642605741,server_status
2026-10-03T03:26:00.501422Z,94.774654642605739,server_status
2026-10-03T03:31:00.788303Z,94.837254642605743,server_status
2026-10-03T03:36:00.268179Z,94.875534642605743,server_status
2026-10-03T03:40:58.924213Z,94.903514642605742,server_status
2026-10-03T03:45:59.727538Z,94.946954642605746,server_status
2026-10-03T03:51:00.277217Z,94.923814642605734,server_status
2026-10-03T03:55:59.598479Z,94.964414642605746,server_status
2026-10-03T04:01:01.809345Z,94.989279982506815,server_status
2026-10-03T04:06:00.143483Z,95.012199982506814,server_status
2026-10-03T04:15:39.907486Z,95.013421170506817,server_status
2026-10-03T04:20:54.742234Z,95.149621170506819,server_status
2026-10-03T04:25:51.841744Z,95.157521170506811,server_status
2026-10-03T04:30:55.098358Z,95.244121170506816,server_status
2026-10-03T04:35:55.041310Z,95.263821170506816,server_status
2026-10-03T04:43:39.286324Z,95.220921170506813,server_status
2026-10-03T04:45:53.853783Z,95.162221170506811,server_status
2026-10-03T04:50:52.451392Z,95.130421170506821,server_status
2026-10-03T04:55:52.330714Z,95.071121170506814,server_status
2026-10-03T05:00:53.032394Z,95.183421170506818,server_status
2026-10-03T05:05:53.053274Z,95.203521170506818,server_status
2026-10-03T05:10:53.742170Z,95.010721170506812,server_status
2026-10-03T05:15:55.546857Z,95.096221170506823,server_status
2026-10-03T05:20:54.954889Z,95.065221170506817,server_status
2026-10-03T05:25:53.921636Z,94.949021170506811,server_status
2026-10-03T05:30:54.057855Z,94.90992117050682,server_status
2026-10-03T05:35:54.853097Z,95.014621170506814,server_status
2026-10-03T05:40:53.301063Z,94.969521170506809,server_status
2026-10-03T05:45:54.125911Z,94.95572117050682,server_status
2026-10-03T05:50:55.174021Z,95.008121170506811,server_status
2026-10-03T05:55:54.581850Z,94.983521170506819,server_status
2026-10-03T06:00:54.444272Z,95.028721170506813,server_status
2026-10-03T06:05:54.243283Z,95.017821170506821,server_status
2026-10-03T06:10:54.997763Z,95.032721170506818,server_status
2026-10-03T06:15:54.696748Z,95.089321170506821,server_status
2026-10-03T06:20:54.125178Z,95.035321170506819,server_status
2026-10-03T06:25:54.460007Z,95.069221170506822,server_status
2026-10-03T06:30:55.354824Z,95.07272117050681,server_status
2026-10-03T06:35:54.521874Z,95.120321170506813,server_status
2026-10-03T06:40:59.954121Z,95.093921170506817,server_status
2026-10-03T06:45:55.401730Z,95.113921170506813,server_status
2026-10-03T06:50:59.818946Z,95.076821170506818,server_status
2026-10-03T06:56:00.884870Z,95.082621170506812,server_status
2026-10-03T07:00:59.944829Z,95.069921170506817,server_status
2026-10-03T07:05:55.624538Z,95.086321170506821,server_status
2026-10-03T07:10:57.607268Z,95.076621170506812,server_status
2026-10-03T07:16:00.560005Z,95.027621170506819,server_status
2026-10-03T07:21:00.508451Z,95.056521170506812,server_status
2026-10-03T07:26:00.433021Z,95.12352117050682,server_status
2026-10-03T07:30:53.703188Z,95.149421170506812,server_status
2026-10-03T07:35:54.490319Z,95.145421170506808,server_status
2026-10-03T07:40:55.109802Z,95.184521170506812,server_status
2026-10-03T07:45:52.968870Z,95.242421170506816,server_status
2026-10-03T07:50:54.551350Z,95.136821170506821,server_status
2026-10-03T07:55:53.633386Z,95.17502117050681,server_status
2026-10-03T08:00:55.645036Z,95.163736410698121,server_status
2026-10-03T08:05:54.992756Z,95.082536410698111,server_status
2026-10-03T08:10:57.201033Z,95.084836410698117,server_status
2026-10-03T08:16:01.165654Z,95.043336410698117,server_status
2026-10-03T08:21:00.627156Z,95.033236410698109,server_status
2026-10-03T08:25:57.830497Z,94.994236410698122,server_status
2026-10-03T08:31:01.441979Z,94.897936410698122,server_status
2026-10-03T08:35:54.652993Z,94.900736410698116,server_status
2026-10-03T08:40:55.113333Z,94.859136410698113,server_status
2026-10-03T08:45:54.574184Z,94.749136410698114,server_status
2026-10-03T08:50:55.110632Z,94.85333641069812,server_status
2026-10-03T08:55:56.702485Z,94.82593641069812,server_status
2026-10-03T09:00:55.762091Z,94.85303641069811,server_status
2026-10-03T09:05:57.713508Z,94.796936410698109,server_status
2026-10-03T09:11:00.568418Z,94.719836410698122,server_status
2026-10-03T09:15:54.001877Z,94.698236410698115,server_status
2026-10-03T09:20:55.936172Z,94.661936410698118,server_status
2026-10-03T09:25:56.576999Z,94.733836410698117,server_status
2026-10-03T09:31:00.616965Z,94.73533641069811,server_status
2026-10-03T09:35:53.788421Z,94.709436410698117,server_status
2026-10-03T09:41:00.867260Z,94.653936410698122,server_status
2026-10-03T09:45:56.696469Z,94.646236410698108,server_status
2026-10-03T09:51:00.556844Z,94.61973641069811,server_status
2026-10-03T10:00:56.467701Z,94.435036410698117,server_status
2026-10-03T10:05:57.943689Z,94.218036410698119,server_status
2026-10-03T10:15:50.557177Z,94.260136410698109,server_status
2026-10-03T10:35:52.039713Z,94.003236410698122,server_status
2026-10-03T10:41:20.469162Z,93.845136410698117,server_status
2026-10-03T10:55:55.788661Z,93.942136410698112,server_status
2026-10-03T11:10:53.642704Z,94.119336410698111,server_status
2026-10-03T11:45:55.220676Z,93.840436410698118,server_status
2026-10-03T11:51:01.703836Z,93.798236410698109,server_status
2026-10-03T11:55:54.482123Z,93.775636410698112,server_status
2026-10-03T12:00:54.949291Z,93.795239696951512,server_status
2026-10-03T12:05:55.102519Z,93.835539696951514,server_status
2026-10-03T12:11:59.328857Z,93.799739696951505,server_status
2026-10-03T12:17:34.306214Z,93.907739696951509,server_status
2026-10-03T12:23:31.811075Z,93.91033969695151,server_status
2026-10-03T12:25:54.416277Z,93.922439696951514,server_status
2026-10-03T12:30:54.864954Z,93.877939696951515,server_status
2026-10-03T12:35:54.731709Z,93.849439696951507,server_status
2026-10-03T12:40:54.396385Z,93.930939696951512,server_status
2026-10-03T12:46:24.889032Z,93.945139696951514,server_status
2026-10-03T12:50:56.770601Z,93.877939696951515,server_status
2026-10-03T12:56:33.678414Z,93.810578816951519,server_status
2026-10-03T13:01:10.608784Z,93.801378816951512,server_status
2026-10-03T13:08:00.763733Z,93.771878816951514,server_status
2026-10-03T13:11:01.198683Z,93.790978816951522,server_status
2026-10-03T14:26:01.332034Z,93.390678816951521,server_status
2026-10-03T14:30:53.321905Z,93.345478816951513,server_status
2026-10-03T14:32:11.102329Z,93.314978816951523,server_status
2026-10-03T14:35:53.230224Z,93.391778816951515,server_status
2026-10-03T14:40:53.648831Z,93.268878816951513,server_status
2026-10-03T14:45:52.436956Z,93.270978816951512,server_status
2026-10-03T14:50:53.085153Z,93.267078816951525,server_status
2026-10-03T15:06:56.856147Z,93.351129796951525,server_status
2026-10-03T15:07:18.405932Z,93.348529796951524,server_status
2026-10-03T15:12:07.335332Z,93.304758746951521,server_status
2026-10-03T15:12:31.464979Z,93.305758746951525,server_status
2026-10-03T15:15:52.740309Z,93.306158746951525,server_status
2026-10-03T15:20:52.636021Z,93.308558746951519,server_status
2026-10-03T15:25:53.213854Z,93.308958746951518,server_status
2026-10-03T15:30:53.843896Z,93.293858746951528,server_status
2026-10-03T15:35:53.402901Z,93.263358746951525,server_status
2026-10-03T15:40:52.721625Z,93.259458746951523,server_status
2026-10-03T15:45:52.963583Z,93.261958746951521,server_status
2026-10-03T15:50:52.847555Z,93.248458746951528,server_status
2026-10-03T15:55:52.674184Z,93.242158746951517,server_status
2026-10-03T16:00:52.802891Z,93.269520491975044,server_status
2026-10-03T16:05:52.894330Z,93.323120491975047,server_status
2026-10-03T16:28:07.840652Z,93.379787727975071,server_status
2026-10-03T16:31:02.300549Z,93.343567727975056,server_status
2026-10-03T16:36:03.216398Z,93.224307727975059,server_status
2026-10-03T16:40:39.065431Z,93.304827727975066,server_status
2026-10-03T16:46:02.726703Z,93.33184772797506,server_status
2026-10-03T16:51:03.192799Z,93.205407727975057,server_status
2026-10-03T16:55:59.602583Z,93.221887727975059,server_status
2026-10-03T17:01:01.295201Z,93.220847727975055,server_status
2026-10-03T17:06:02.004028Z,93.193347727975066,server_status
2026-10-03T17:11:00.647569Z,93.202687727975061,server_status
2026-10-03T17:16:00.435888Z,93.102107727975067,server_status
2026-10-03T17:21:00.372480Z,93.021647727975065,server_status
2026-10-03T17:26:02.672575Z,93.002207727975062,server_status
2026-10-03T17:31:02.873808Z,93.041207727975063,server_status
2026-10-03T17:36:03.512694Z,93.074907727975059,server_status
2026-10-03T17:40:39.393301Z,93.121807727975067,server_status
2026-10-03T17:46:04.037494Z,93.243547727975056,server_status
2026-10-03T17:51:01.370323Z,93.270547727975057,server_status
2026-10-03T17:56:00.565079Z,93.294567727975064,server_status
2026-10-03T18:01:00.922374Z,93.214807727975057,server_status
2026-10-03T18:06:02.717619Z,93.180607727975058,server_status
2026-10-03T18:11:02.327003Z,93.219807727975066,server_status
2026-10-03T18:16:02.398009Z,93.233267727975061,server_status
2026-10-03T18:21:02.702731Z,93.28434772797506,server_status
2026-10-03T18:26:01.710079Z,93.295847727975058,server_status
2026-10-03T18:31:03.262188Z,93.221367727975064,server_status
2026-10-03T18:36:03.384499Z,93.27140772797506,server_status
2026-10-03T18:40:38.929771Z,93.247467727975064,server_status
2026-10-03T18:46:03.044482Z,93.255907727975071,server_status
2026-10-03T18:51:02.532239Z,93.26952772797506,server_status
2026-10-03T18:56:00.049186Z,93.307127727975057,server_status
2026-10-03T19:01:02.421692Z,93.29374772797506,server_status
2026-10-03T19:06:02.468395Z,93.250287727975063,server_status
2026-10-03T19:11:01.304368Z,93.245007727975064,server_status
2026-10-03T19:16:02.145809Z,93.210447727975065,server_status
2026-10-03T19:21:02.333436Z,93.212067727975054,server_status
2026-10-03T19:26:01.382448Z,93.146567727975068,server_status
2026-10-03T19:31:02.296010Z,93.159667727975062,server_status
2026-10-03T19:36:00.798875Z,93.185427727975068,server_status
2026-10-03T19:40:39.044985Z,93.191247727975068,server_status
2026-10-03T19:46:02.271571Z,93.164267727975059,server_status
2026-10-03T19:51:03.251242Z,93.174687727975069,server_status
2026-10-03T19:56:01.519181Z,93.159067727975057,server_status
2026-10-03T20:01:02.480875Z,93.152358299771379,server_status
2026-10-03T20:06:07.868974Z,93.180758299771384,server_status
2026-10-03T20:11:04.076292Z,93.21333829977138,server_status
2026-10-03T20:16:06.215244Z,93.210018299771392,server_status
2026-10-03T20:21:02.594710Z,93.25227829977139,server_status
2026-10-03T20:26:07.385193Z,93.276538299771389,server_status
2026-10-03T20:31:07.337154Z,93.265718299771393,server_status
2026-10-03T20:36:02.677773Z,93.201578299771384,server_status
2026-10-03T20:41:07.922556Z,93.152658299771389,server_status
2026-10-03T20:46:08.442495Z,93.14931829977138,server_status
2026-10-03T20:51:05.417621Z,93.155918299771386,server_status
2026-10-03T20:56:02.489224Z,93.169378299771381,server_status
2026-10-03T21:01:05.762985Z,93.175998299771379,server_status
2026-10-03T21:06:01.809327Z,93.197438299771378,server_status
2026-10-03T21:11:02.326653Z,93.150918299771391,server_status
2026-10-03T21:16:00.770674Z,93.114578299771395,server_status
2026-10-03T21:21:02.214999Z,93.199038299771388,server_status
2026-10-03T21:26:01.239914Z,93.178498299771391,server_status
2026-10-03T21:31:02.606897Z,93.197418299771385,server_status
2026-10-03T21:36:02.633359Z,93.167958299771385,server_status
2026-10-03T21:41:02.039895Z,93.198958299771391,server_status
2026-10-03T21:46:00.257775Z,93.256778299771383,server_status
2026-10-03T21:51:01.609360Z,93.311738299771392,server_status
2026-10-03T21:56:00.173841Z,93.343898299771382,server_status
2026-10-03T22:01:02.428611Z,93.360718299771378,server_status
2026-10-03T22:06:01.804815Z,93.379558299771389,server_status
2026-10-03T22:11:01.508839Z,93.415538299771384,server_status
2026-10-03T22:16:02.342743Z,93.394458299771387,server_status
2026-10-03T22:21:02.004617Z,93.40843829977139,server_status
2026-10-03T22:26:01.359754Z,93.429458299771383,server_status
2026-10-03T22:31:01.986165Z,93.401138299771389,server_status
2026-10-03T22:36:01.360840Z,93.417118299771388,server_status
2026-10-03T22:41:02.159422Z,93.400118299771378,server_status
2026-10-03T22:46:00.317834Z,93.421878299771393,server_status
2026-10-03T22:51:01.179883Z,93.445458299771389,server_status
2026-10-03T22:56:02.191344Z,93.404978299771386,server_status
2026-10-03T23:01:01.391316Z,93.406698299771392,server_status
2026-10-03T23:06:02.946418Z,93.424098299771387,server_status
2026-10-03T23:11:01.741559Z,93.406098299771386,server_status
2026-10-03T23:16:01.615963Z,93.407718299771389,server_status
2026-10-03T23:21:03.025097Z,93.411878299771388,server_status
2026-10-03T23:26:00.373387Z,93.428438299771386,server_status
2026-10-03T23:31:01.258601Z,93.390298299771388,server_status
2026-10-03T23:36:00.303448Z,93.418418299771389,server_status
2026-10-03T23:40:59.854001Z,93.45845829977138,server_status
2026-10-03T23:46:01.309602Z,93.447398299771393,server_status
2026-10-03T23:51:02.430022Z,93.45123829977139,server_status
2026-10-03T23:56:03.145803Z,93.456998299771385,server_status
2026-10-04T00:01:08.083229Z,93.422647715459789,server_status
2026-10-04T00:06:03.230375Z,93.396787715459794,server_status
2026-10-04T00:11:03.461775Z,93.441127715459785,server_status
2026-10-04T00:16:04.579870Z,93.412827715459784,server_status
2026-10-04T00:21:03.712393Z,93.418807715459792,server_status
2026-10-04T00:26:04.506077Z,93.432427715459795,server_status
2026-10-04T00:31:03.676695Z,93.471267715459788,server_status
2026-10-04T00:36:02.053561Z,93.479707715459796,server_status
2026-10-04T00:41:02.271978Z,93.514247715459788,server_status
2026-10-04T00:46:01.616747Z,93.478587715459796,server_status
2026-10-04T00:51:01.415124Z,93.536987715459787,server_status
2026-10-04T00:56:01.492924Z,93.521387715459781,server_status
2026-10-04T01:01:01.761705Z,93.482747715459794,server_status
2026-10-04T01:06:02.215634Z,93.503027715459794,server_status
2026-10-04T01:11:02.782366Z,93.46634771545979,server_status
2026-10-04T01:16:02.521060Z,93.407487715459794,server_status
2026-10-04T01:21:01.215395Z,93.437427715459791,server_status
2026-10-04T01:26:02.449037Z,93.408787715459795,server_status
2026-10-04T01:31:02.184674Z,93.350067715459787,server_status
2026-10-04T01:36:01.946913Z,93.371367715459783,server_status
2026-10-04T01:41:01.637497Z,93.382727715459794,server_status
2026-10-04T01:46:02.808041Z,93.411367715459789,server_status
2026-10-04T01:51:02.672281Z,93.412687715459782,server_status
2026-10-04T01:56:02.604307Z,93.462847715459787,server_status
2026-10-04T02:01:01.723182Z,93.502367715459783,server_status
2026-10-04T02:06:02.452657Z,93.536947715459789,server_status
2026-10-04T02:11:03.078853Z,93.542707715459784,server_status
2026-10-04T02:16:02.684048Z,93.599307715459787,server_status
2026-10-04T02:21:02.935806Z,93.649087715459785,server_status
2026-10-04T02:26:04.769235Z,93.674987715459793,server_status
2026-10-04T02:31:03.571607Z,93.737187715459783,server_status
2026-10-04T02:36:01.926869Z,93.718807715459789,server_status
2026-10-04T02:41:01.800435Z,93.727007715459791,server_status
2026-10-04T02:46:02.664248Z,93.719647715459786,server_status
2026-10-04T02:51:02.359865Z,93.725507715459784,server_status
2026-10-04T02:56:03.178255Z,93.754967715459799,server_status
2026-10-04T03:01:04.709825Z,93.766867715459796,server_status
2026-10-04T03:06:03.322023Z,93.763767715459792,server_status
2026-10-04T03:11:02.948776Z,93.70252771545978,server_status
2026-10-04T03:16:01.601923Z,93.711447715459784,server_status
2026-10-04T03:21:02.746590Z,93.733467715459795,server_status
2026-10-04T03:26:04.194664Z,93.757947715459792,server_status
2026-10-04T03:31:02.577080Z,93.800047715459797,server_status
2026-10-04T03:36:03.130444Z,93.821307715459795,server_status
2026-10-04T03:41:02.115050Z,93.802427715459785,server_status
2026-10-04T03:46:03.123231Z,93.799167715459788,server_status
2026-10-04T03:51:01.695523Z,93.770367715459784,server_status
2026-10-04T03:57:05.189936Z,93.752507715459785,server_status
2026-10-04T04:02:07.129052Z,93.751105539009671,server_status
2026-10-04T04:06:02.796967Z,93.655465539009668,server_status
2026-10-04T04:14:01.143766Z,93.674651319009669,server_status
2026-10-04T04:15:57.558739Z,93.631051319009671,server_status
2026-10-04T04:20:58.531903Z,93.575151319009677,server_status
2026-10-04T04:25:56.328421Z,93.479671319009668,server_status
2026-10-04T04:30:58.596886Z,93.44189131900967,server_status
2026-10-04T04:36:57.117986Z,93.461891319009666,server_status
2026-10-04T04:43:44.527127Z,93.419691319009672,server_status
2026-10-04T04:45:58.853132Z,93.438211319009667,server_status
2026-10-04T04:55:55.486466Z,93.393711319009668,server_status
2026-10-04T05:00:57.931755Z,93.391551319009679,server_status
2026-10-04T05:06:21.325032Z,93.419831319009674,server_status
2026-10-04T05:11:00.688870Z,93.423091319009671,server_status
2026-10-04T05:16:02.507048Z,93.445751319009673,server_status
2026-10-04T05:21:01.314536Z,93.460031319009673,server_status
2026-10-04T05:26:53.185858Z,93.309331319009672,server_status
2026-10-04T05:30:59.247225Z,93.306391319009677,server_status
2026-10-04T05:35:59.894115Z,93.268371319009674,server_status
2026-10-04T06:00:54.310673Z,93.323358641009662,server_status
2026-10-04T06:05:58.142527Z,93.220778641009659,server_status
2026-10-04T06:11:29.339620Z,93.157308641009664,server_status
2026-10-04T06:15:58.739201Z,93.152608641009664,server_status
2026-10-04T06:20:58.416830Z,93.210608641009657,server_status
2026-10-04T06:25:57.958349Z,93.223358641009654,server_status
2026-10-04T06:30:58.446788Z,93.200058641009662,server_status
2026-10-04T06:35:58.637944Z,93.138708641009657,server_status
2026-10-04T06:56:35.941805Z,93.168053765009674,server_status
2026-10-04T07:01:00.390925Z,93.132043765009669,server_status
2026-10-04T07:05:59.831737Z,93.048003765009668,server_status
2026-10-04T07:10:59.568690Z,93.050463765009667,server_status
2026-10-04T07:16:02.859783Z,93.016353765009669,server_status
2026-10-04T07:21:02.618966Z,93.035723765009664,server_status
2026-10-04T07:26:00.984669Z,93.147193765009661,server_status
2026-10-04T07:31:02.757659Z,93.185823765009673,server_status
2026-10-04T07:36:03.155618Z,93.169553765009667,server_status
2026-10-04T07:40:39.623098Z,93.193803765009662,server_status
2026-10-04T07:46:03.053713Z,93.149973765009662,server_status
2026-10-04T07:51:02.474505Z,93.14768376500966,server_status
2026-10-04T07:56:00.442152Z,93.174873765009664,server_status
2026-10-04T08:01:01.940031Z,93.228973575364222,server_status
2026-10-04T08:06:01.734553Z,93.210393575364222,server_status
2026-10-04T08:11:05.118487Z,93.178683575364218,server_status
2026-10-04T08:16:02.711432Z,93.294363575364216,server_status
2026-10-04T08:21:03.102397Z,93.294903575364216,server_status
2026-10-04T08:26:06.122295Z,93.295973575364215,server_status
2026-10-04T08:31:02.162530Z,93.314823575364215,server_status
2026-10-04T08:36:02.406477Z,93.271943575364219,server_status
2026-10-04T08:41:01.768273Z,93.300453575364216,server_status
2026-10-04T08:46:05.559598Z,93.330143575364218,server_status
2026-10-04T08:51:03.255313Z,93.330753575364227,server_status
2026-10-04T08:56:04.189904Z,93.333633575364217,server_status
2026-10-04T09:01:04.323926Z,93.357013575364221,server_status
2026-10-04T09:06:02.885714Z,93.331443575364219,server_status
2026-10-04T09:11:04.135526Z,93.328803575364219,server_status
2026-10-04T09:16:08.942369Z,93.310483575364216,server_status
2026-10-04T09:21:05.674552Z,93.401043575364227,server_status
2026-10-04T09:26:05.375358Z,93.441043575364219,server_status
2026-10-04T09:31:01.723236Z,93.501203575364215,server_status
2026-10-04T09:36:02.799743Z,93.532283575364218,server_status
2026-10-04T09:41:11.695301Z,93.545833575364227,server_status
2026-10-04T09:46:08.000026Z,93.536913575364224,server_status
2026-10-04T09:51:03.185853Z,93.518243575364224,server_status
2026-10-04T09:56:03.009649Z,93.513803575364221,server_status
2026-10-04T10:01:02.973123Z,93.481813575364214,server_status
2026-10-04T10:06:06.983958Z,93.395933575364225,server_status
2026-10-04T10:11:02.187027Z,93.401903575364216,server_status
2026-10-04T10:16:02.690493Z,93.405873575364225,server_status
2026-10-04T10:21:03.841476Z,93.503723575364219,server_status
2026-10-04T10:26:04.483364Z,93.519823575364214,server_status
2026-10-04T10:31:04.475002Z,93.496653575364221,server_status
2026-10-04T10:36:05.763801Z,93.452813575364218,server_status
2026-10-04T10:41:04.559363Z,93.490623575364225,server_status
2026-10-04T10:46:04.766830Z,93.511283575364217,server_status
2026-10-04T10:51:02.096070Z,93.507393575364219,server_status
2026-10-04T10:56:03.889530Z,93.517573575364224,server_status
2026-10-04T11:01:07.440819Z,93.519073575364217,server_status
2026-10-04T11:06:05.388986Z,93.495663575364219,server_status
2026-10-04T11:11:03.736244Z,93.513453575364224,server_status
2026-10-04T11:16:02.751243Z,93.454943575364226,server_status
2026-10-04T11:21:07.439071Z,93.479133575364216,server_status
2026-10-04T11:26:08.136567Z,93.510453575364224,server_status
2026-10-04T11:31:05.518078Z,93.521803575364217,server_status
2026-10-04T11:36:03.910336Z,93.584383575364214,server_status
2026-10-04T11:41:01.945495Z,93.600253575364221,server_status
2026-10-04T11:46:01.156636Z,93.593513575364213,server_status
2026-10-04T11:51:02.668285Z,93.574133575364215,server_status
2026-10-04T11:56:03.789637Z,93.612533575364225,server_status
2026-10-04T12:01:08.242076Z,93.61984763314328,server_status
2026-10-04T12:06:06.541450Z,93.645527633143288,server_status
2026-10-04T12:11:02.295251Z,93.691597633143289,server_status
2026-10-04T12:16:02.182505Z,93.667237633143287,server_status
2026-10-04T12:21:07.356078Z,93.672447633143278,server_status
2026-10-04T12:26:07.452611Z,93.71174763314329,server_status
2026-10-04T12:31:02.419679Z,93.736527633143282,server_status
2026-10-04T12:36:01.788992Z,93.741707633143292,server_status
2026-10-04T12:41:08.440840Z,93.684007633143281,server_status
2026-10-04T12:46:07.552477Z,93.636757633143276,server_status
2026-10-04T12:51:05.502658Z,93.620897633143286,server_status
2026-10-04T12:56:08.916156Z,93.586767633143282,server_status
2026-10-04T13:01:08.411140Z,93.583107633143285,server_status
2026-10-04T13:06:05.271038Z,93.604277633143283,server_status
2026-10-04T13:11:04.408689Z,93.643587633143284,server_status
2026-10-04T13:16:03.496762Z,93.68488763314329,server_status
2026-10-04T13:21:03.525499Z,93.71098763314329,server_status
2026-10-04T13:26:04.420251Z,93.687787633143287,server_status
2026-10-04T13:31:07.932738Z,93.664727633143286,server_status
2026-10-04T13:36:01.949561Z,93.644687633143278,server_status
2026-10-04T13:41:08.255519Z,93.645507633143282,server_status
2026-10-04T13:46:02.129768Z,93.614467633143278,server_status
2026-10-04T13:51:06.974607Z,93.608827633143278,server_status
2026-10-04T13:56:08.048274Z,93.586667633143279,server_status
2026-10-04T14:01:02.441791Z,93.604767633143283,server_status
2026-10-04T14:06:01.899767Z,93.568677633143281,server_status
2026-10-04T14:11:02.099425Z,93.567767633143276,server_status
2026-10-04T14:16:03.015556Z,93.563767633143286,server_status
2026-10-04T14:21:02.077720Z,93.548367633143286,server_status
2026-10-04T14:26:02.631473Z,93.50478763314328,server_status
2026-10-04T14:31:02.001378Z,93.532177633143277,server_status
2026-10-04T14:36:02.274570Z,93.52712763314328,server_status
2026-10-04T14:41:02.102362Z,93.478697633143284,server_status
2026-10-04T14:46:02.289299Z,93.477757633143284,server_status
2026-10-04T14:51:03.100277Z,93.528847633143286,server_status
2026-10-04T14:56:02.094735Z,93.579147633143279,server_status
2026-10-04T15:01:02.416610Z,93.572497633143286,server_status
2026-10-04T15:06:02.361585Z,93.60089763314329,server_status
2026-10-04T15:11:00.904653Z,93.660247633143285,server_status
2026-10-04T15:16:02.517883Z,93.633877633143285,server_status
2026-10-04T15:21:01.958477Z,93.62396763314328,server_status
2026-10-04T15:26:02.817839Z,93.597077633143286,server_status
2026-10-04T15:31:02.133677Z,93.605007633143288,server_status
2026-10-04T15:36:02.308478Z,93.579237633143279,server_status
2026-10-04T15:41:01.682680Z,93.537597633143278,server_status
2026-10-04T15:46:02.000343Z,93.562157633143286,server_status
2026-10-04T15:51:02.476131Z,93.578787633143278,server_status
2026-10-04T15:56:03.176833Z,93.535047633143279,server_status
2026-10-04T16:00:57.943415Z,93.529100453651665,server_status
2026-10-04T16:05:59.176230Z,93.503870453651658,server_status
2026-10-04T16:13:38.643031Z,93.530177593651658,server_status
2026-10-04T16:16:00.320774Z,93.487447593651666,server_status
2026-10-04T16:21:00.367651Z,93.538247593651661,server_status
2026-10-04T16:26:00.263290Z,93.552547593651653,server_status
2026-10-04T16:30:58.846418Z,93.55786759365165,server_status
2026-10-04T16:36:00.278059Z,93.569307593651658,server_status
2026-10-04T16:52:44.870276Z,93.622277305651664,server_status
2026-10-04T16:56:00.759655Z,93.611397305651664,server_status
2026-10-04T17:01:02.387746Z,93.613067305651668,server_status
2026-10-04T17:06:02.521970Z,93.688267305651664,server_status
2026-10-04T17:11:00.160416Z,93.725577305651669,server_status
2026-10-04T17:16:02.178496Z,93.804507305651669,server_status
2026-10-04T17:21:02.231776Z,93.779747305651668,server_status
2026-10-04T17:26:02.857944Z,93.685967305651673,server_status
2026-10-04T17:31:02.899741Z,93.651847305651671,server_status
2026-10-04T17:36:02.319130Z,93.652737305651669,server_status
2026-10-04T17:40:41.220441Z,93.615257305651667,server_status
2026-10-04T17:46:07.080577Z,93.571677305651662,server_status
2026-10-04T17:51:03.032745Z,93.54261730565166,server_status
2026-10-04T17:55:58.534827Z,93.47626730565166,server_status
2026-10-04T18:01:04.246952Z,93.520067305651665,server_status
2026-10-04T18:06:07.997712Z,93.460157305651663,server_status
2026-10-04T18:11:03.977447Z,93.470937305651674,server_status
2026-10-04T18:16:06.248401Z,93.480377305651672,server_status
2026-10-04T18:21:02.694956Z,93.448147305651673,server_status
2026-10-04T18:26:00.823293Z,93.418067305651675,server_status
2026-10-04T18:31:01.984824Z,93.436897305651669,server_status
2026-10-04T18:36:02.338661Z,93.426437305651675,server_status
2026-10-04T18:40:38.690068Z,93.405437305651674,server_status
2026-10-04T18:46:01.163371Z,93.413227305651674,server_status
2026-10-04T18:51:01.297981Z,93.405077305651659,server_status
2026-10-04T18:56:00.051002Z,93.390727305651666,server_status
2026-10-04T19:01:01.341759Z,93.30531730565167,server_status
2026-10-04T19:06:01.688611Z,93.270267305651672,server_status
2026-10-04T19:11:01.835936Z,93.315977305651671,server_status
2026-10-04T19:16:01.078114Z,93.323487305651668,server_status
2026-10-04T19:21:01.501545Z,93.293057305651672,server_status
2026-10-04T19:26:02.003445Z,93.271627305651663,server_status
2026-10-04T19:30:58.707185Z,93.269597305651672,server_status
2026-10-04T19:35:59.779320Z,93.223377305651667,server_status
2026-10-04T19:40:38.178304Z,93.183937305651668,server_status
2026-10-04T19:46:00.382226Z,93.192257305651665,server_status
2026-10-04T19:51:01.042134Z,93.178157305651666,server_status
2026-10-04T19:56:00.551491Z,93.164277305651666,server_status
2026-10-04T20:01:01.196680Z,93.157675300254638,server_status
2026-10-04T20:06:01.000110Z,93.132615300254642,server_status
2026-10-04T20:11:00.866853Z,93.112835300254631,server_status
2026-10-04T20:15:59.709578Z,93.161205300254636,server_status
2026-10-04T20:21:02.200415Z,93.247155300254633,server_status
2026-10-04T20:26:02.108640Z,93.260845300254644,server_status
2026-10-04T20:31:01.783473Z,93.229705300254636,server_status
2026-10-04T20:36:02.564921Z,93.215185300254632,server_status
2026-10-04T20:41:02.727818Z,93.266615300254642,server_status
2026-10-04T20:46:00.523425Z,93.357965300254634,server_status
2026-10-04T20:51:01.201420Z,93.399145300254631,server_status
2026-10-04T20:56:02.654821Z,93.437695300254632,server_status
2026-10-04T21:01:04.257712Z,93.472595300254639,server_status
2026-10-04T21:06:04.268326Z,93.481055300254638,server_status
2026-10-04T21:11:04.230400Z,93.526495300254638,server_status
2026-10-04T21:16:00.206411Z,93.561225300254634,server_status
2026-10-04T21:21:04.747347Z,93.584065300254636,server_status
2026-10-04T21:26:01.835521Z,93.54745530025464,server_status
2026-10-04T21:31:03.727548Z,93.563435300254639,server_status
2026-10-04T21:35:59.076679Z,93.579165300254644,server_status
2026-10-04T21:41:04.755744Z,93.597055300254638,server_status
2026-10-04T21:46:04.861073Z,93.641075300254641,server_status
2026-10-04T21:51:02.641253Z,93.655295300254636,server_status
2026-10-04T21:56:08.304739Z,93.710115300254643,server_status
2026-10-04T22:01:02.814879Z,93.705085300254638,server_status
2026-10-04T22:06:01.081313Z,93.639735300254642,server_status
2026-10-04T22:11:00.767287Z,93.701845300254632,server_status
2026-10-04T22:16:00.574207Z,93.66212530025463,server_status
2026-10-04T22:21:01.977599Z,93.710515300254642,server_status
2026-10-04T22:26:02.184659Z,93.715375300254635,server_status
2026-10-04T22:31:02.119975Z,93.734535300254635,server_status
2026-10-04T22:36:00.957227Z,93.720175300254638,server_status
2026-10-04T22:41:01.837394Z,93.728975300254632,server_status
2026-10-04T22:46:01.666650Z,93.727605300254638,server_status
2026-10-04T22:51:02.196548Z,93.670065300254635,server_status
2026-10-04T22:56:01.058827Z,93.652055300254631,server_status
2026-10-04T23:01:01.672801Z,93.626595300254635,server_status
2026-10-04T23:06:03.104275Z,93.639705300254633,server_status
2026-10-04T23:11:02.370313Z,93.63717530025464,server_status
2026-10-04T23:16:01.157786Z,93.59228530025463,server_status
2026-10-04T23:21:02.457331Z,93.576885300254631,server_status
2026-10-04T23:26:01.940664Z,93.519715300254632,server_status
2026-10-04T23:31:01.280810Z,93.524785300254635,server_status
2026-10-04T23:36:01.054167Z,93.534955300254637,server_status
2026-10-04T23:40:59.033225Z,93.502335300254629,server_status
2026-10-04T23:46:02.139919Z,93.506885300254638,server_status
2026-10-04T23:51:01.888781Z,93.501705300254642,server_status
2026-10-04T23:55:59.024656Z,93.50896530025463,server_status
2026-10-05T00:01:01.745411Z,93.49359509001988,server_status
2026-10-05T00:06:02.274362Z,93.507935090019885,server_status
2026-10-05T00:11:03.278990Z,93.586195090019885,server_status
2026-10-05T00:16:01.008777Z,93.539755090019881,server_status
2026-10-05T00:20:57.008157Z,93.55891509001988,server_status
2026-10-05T00:26:01.687043Z,93.564955090019879,server_status
2026-10-05T00:31:02.725447Z,93.578185090019886,server_status
2026-10-05T00:36:01.574441Z,93.537695090019881,server_status
2026-10-05T00:41:01.403593Z,93.562735090019885,server_status
2026-10-05T00:46:02.300662Z,93.62141509001988,server_status
2026-10-05T00:51:08.033204Z,93.583015090019884,server_status
2026-10-05T00:56:01.775675Z,93.634525090019878,server_status
2026-10-05T01:01:08.564387Z,93.640705090019878,server_status
2026-10-05T01:06:08.561256Z,93.683105090019879,server_status
2026-10-05T01:11:03.959503Z,93.707115090019883,server_status
2026-10-05T01:16:04.268328Z,93.742455090019874,server_status
2026-10-05T01:21:08.008878Z,93.800955090019883,server_status
2026-10-05T01:26:08.442334Z,93.873655090019881,server_status
2026-10-05T01:31:03.124500Z,93.866635090019884,server_status
2026-10-05T01:36:07.741656Z,93.920575090019881,server_status
2026-10-05T01:41:05.527492Z,93.941785090019877,server_status
2026-10-05T01:46:03.013010Z,93.92567509001988,server_status
2026-10-05T01:51:08.184832Z,93.938215090019881,server_status
2026-10-05T01:56:05.150824Z,93.976455090019883,server_status
2026-10-05T02:01:02.131100Z,93.907485090019875,server_status
2026-10-05T02:06:08.495364Z,93.922355090019877,server_status
2026-10-05T02:11:02.316599Z,93.836635090019882,server_status
2026-10-05T02:16:02.464859Z,93.78227509001988,server_status
2026-10-05T02:21:01.388461Z,93.90566509001988,server_status
2026-10-05T02:26:02.085226Z,93.827245090019886,server_status
2026-10-05T02:31:02.305528Z,93.806045090019879,server_status
2026-10-05T02:36:02.169005Z,93.788515090019885,server_status
2026-10-05T02:41:02.790144Z,93.768335090019889,server_status
2026-10-05T02:46:02.488189Z,93.72013509001988,server_status
2026-10-05T02:51:02.197101Z,93.687425090019886,server_status
2026-10-05T02:56:01.785622Z,93.643285090019887,server_status
2026-10-05T03:01:02.667592Z,93.640875090019875,server_status
2026-10-05T03:06:02.045268Z,93.646735090019888,server_status
2026-10-05T03:11:02.890531Z,93.590595090019875,server_status
2026-10-05T03:16:02.426550Z,93.726095090019882,server_status
2026-10-05T03:21:01.846350Z,93.687525090019875,server_status
2026-10-05T03:26:00.404114Z,93.763815090019875,server_status
2026-10-05T03:31:00.577387Z,93.825465090019875,server_status
2026-10-05T03:36:01.709422Z,93.764655090019886,server_status
2026-10-05T03:41:02.219763Z,93.736275090019888,server_status
2026-10-05T03:46:02.408329Z,93.717315090019881,server_status
2026-10-05T03:51:02.366425Z,93.702005090019881,server_status
2026-10-05T03:56:01.272782Z,93.701565090019884,server_status
2026-10-05T04:00:57.873508Z,93.708493115969532,server_status
2026-10-05T04:05:59.674053Z,93.732783115969525,server_status
2026-10-05T04:14:03.638691Z,93.667366915969509,server_status
2026-10-05T04:16:04.783069Z,93.646346915969517,server_status
2026-10-05T04:21:00.244901Z,93.662976915969509,server_status
2026-10-05T04:26:00.282467Z,93.591356915969513,server_status
2026-10-05T04:30:58.848284Z,93.693136915969518,server_status
2026-10-05T04:36:01.419837Z,93.879616915969507,server_status
2026-10-05T04:54:18.286791Z,93.848687527969801,server_status
2026-10-05T04:55:57.610875Z,93.848687527969801,server_status
2026-10-05T05:01:01.880288Z,93.887397527969796,server_status
2026-10-05T05:06:01.452776Z,93.782237527969798,server_status
2026-10-05T05:11:06.052848Z,93.8596075279698,server_status
2026-10-05T05:16:08.739259Z,93.865367527969795,server_status
2026-10-05T05:21:05.422416Z,93.892167527969789,server_status
2026-10-05T05:26:02.227333Z,93.861717527969802,server_status
2026-10-05T05:31:03.011027Z,93.869387527969792,server_status
2026-10-05T05:36:01.703243Z,93.913987527969795,server_status
2026-10-05T05:40:37.687435Z,93.825917527969793,server_status
2026-10-05T05:46:02.480756Z,93.847827527969798,server_status
2026-10-05T05:51:01.233022Z,93.793667527969788,server_status
2026-10-05T05:56:00.865905Z,93.813317527969801,server_status
2026-10-05T06:01:02.638850Z,93.756787527969792,server_status
2026-10-05T06:06:02.079238Z,93.68935752796979,server_status
2026-10-05T06:11:01.791836Z,93.649117527969793,server_status
2026-10-05T06:16:02.648805Z,93.633947527969795,server_status
2026-10-05T06:21:02.239434Z,93.691557527969792,server_status
2026-10-05T06:26:01.785770Z,93.6987475279698,server_status
2026-10-05T06:31:02.302280Z,93.778447527969789,server_status
2026-10-05T06:36:01.656068Z,93.824147527969799,server_status
2026-10-05T06:40:38.416329Z,93.871477527969802,server_status
2026-10-05T06:46:01.221417Z,93.874737527969799,server_status
2026-10-05T06:51:02.025996Z,93.842487527969794,server_status
2026-10-05T06:56:01.490547Z,93.821347527969792,server_status
2026-10-05T07:01:02.750614Z,93.83781752796979,server_status
2026-10-05T07:06:00.117984Z,93.74800752796979,server_status
2026-10-05T07:11:01.449509Z,93.614437527969798,server_status
2026-10-05T07:16:02.155397Z,93.630467527969799,server_status
2026-10-05T07:21:02.323216Z,93.575697527969794,server_status
2026-10-05T07:26:02.748158Z,93.539817527969788,server_status
2026-10-05T07:31:01.217893Z,93.624877527969787,server_status
2026-10-05T07:36:02.956350Z,93.576407527969792,server_status
2026-10-05T07:40:49.247257Z,93.555867527969795,server_status
2026-10-05T07:46:03.211718Z,93.462527527969797,server_status
2026-10-05T07:51:02.942318Z,93.464867527969801,server_status
2026-10-05T07:56:01.429767Z,93.463537527969791,server_status
2026-10-05T08:01:07.802313Z,93.542370705628173,server_status
2026-10-05T08:06:08.442497Z,93.481560705628169,server_status
2026-10-05T08:11:05.020589Z,93.398080705628175,server_status
2026-10-05T08:16:03.466430Z,93.39905070562817,server_status
2026-10-05T08:21:02.408986Z,93.475760705628176,server_status
2026-10-05T08:26:05.473862Z,93.456470705628178,server_status
2026-10-05T08:31:03.330017Z,93.461240705628171,server_status
2026-10-05T08:36:07.492904Z,93.515930705628179,server_status
2026-10-05T08:41:02.798413Z,93.647270705628173,server_status
2026-10-05T08:46:08.186946Z,93.729770705628169,server_status
2026-10-05T08:51:04.512004Z,93.806090705628179,server_status
2026-10-05T08:56:06.327224Z,93.725200705628168,server_status
2026-10-05T09:01:03.060799Z,93.642890705628176,server_status
2026-10-05T09:06:07.973130Z,93.590550705628175,server_status
2026-10-05T09:11:05.327694Z,93.662690705628165,server_status
2026-10-05T09:16:01.488843Z,93.68039070562817,server_status
2026-10-05T09:21:08.401761Z,93.620070705628166,server_status
2026-10-05T09:26:04.000485Z,93.63123070562817,server_status
2026-10-05T09:31:08.622899Z,93.644230705628175,server_status
2026-10-05T09:36:08.501281Z,93.658910705628173,server_status
2026-10-05T09:41:07.075204Z,93.648920705628171,server_status
2026-10-05T09:46:07.653186Z,93.613890705628165,server_status
2026-10-05T09:51:04.401540Z,93.565840705628176,server_status
2026-10-05T09:56:00.866538Z,93.65420070562817,server_status
2026-10-05T10:01:08.267313Z,93.658470705628176,server_status
2026-10-05T10:06:03.521368Z,93.622360705628168,server_status
2026-10-05T10:11:08.041391Z,93.681980705628177,server_status
2026-10-05T10:16:12.631438Z,93.63365070562817,server_status
2026-10-05T10:21:04.176847Z,93.524080705628165,server_status
2026-10-05T10:26:04.949309Z,93.559770705628168,server_status
2026-10-05T10:31:04.834229Z,93.612900705628164,server_status
2026-10-05T10:36:05.577632Z,93.71558070562817,server_status
2026-10-05T10:41:08.488661Z,93.744740705628175,server_status
2026-10-05T10:46:03.939272Z,93.739090705628172,server_status
2026-10-05T10:51:08.204408Z,93.699790705628175,server_status
2026-10-05T10:56:02.534958Z,93.676460705628173,server_status
2026-10-05T11:01:06.971140Z,93.663450705628179,server_status
